"weighted_position","Perception","estimate","conf.low","conf.high"
0,"Pessimist",0.643453,0.477276,0.80963
0.25,"Pessimist",0.628094,0.465214,0.790974
0.5,"Pessimist",0.612472,0.453337,0.771607
0.75,"Pessimist",0.596615,0.441649,0.751581
1,"Pessimist",0.580554,0.430152,0.730955
1.25,"Pessimist",0.56432,0.418843,0.709796
1.5,"Pessimist",0.547947,0.407715,0.688178
1.75,"Pessimist",0.531469,0.396756,0.666182
2,"Pessimist",0.514923,0.385951,0.643895
2.25,"Pessimist",0.498344,0.375278,0.62141
2.5,"Pessimist",0.481768,0.364715,0.598822
2.75,"Pessimist",0.465233,0.354232,0.576234
3,"Pessimist",0.448774,0.343797,0.55375
3.25,"Pessimist",0.432426,0.333375,0.531477
3.5,"Pessimist",0.416224,0.322925,0.509522
3.75,"Pessimist",0.400201,0.312408,0.487994
4,"Pessimist",0.384388,0.301779,0.466997
4.25,"Pessimist",0.368817,0.290999,0.446634
4.5,"Pessimist",0.353513,0.280029,0.426998
4.75,"Pessimist",0.338505,0.268837,0.408172
5,"Pessimist",0.323814,0.257407,0.390221
5.25,"Pessimist",0.309462,0.245734,0.373191
5.5,"Pessimist",0.295469,0.233836,0.357102
5.75,"Pessimist",0.28185,0.221753,0.341948
6,"Pessimist",0.26862,0.209544,0.327696
6.25,"Pessimist",0.255789,0.197285,0.314293
6.5,"Pessimist",0.243368,0.185063,0.301673
6.75,"Pessimist",0.231362,0.172965,0.289758
7,"Pessimist",0.219776,0.161078,0.278474
7.25,"Pessimist",0.208613,0.14948,0.267746
7.5,"Pessimist",0.197873,0.138236,0.25751
7.75,"Pessimist",0.187555,0.127403,0.247708
8,"Pessimist",0.177656,0.117021,0.238291
8.25,"Pessimist",0.168171,0.107122,0.229221
8.5,"Pessimist",0.159095,0.0977259,0.220464
8.75,"Pessimist",0.15042,0.0888452,0.211995
9,"Pessimist",0.142138,0.0804836,0.203792
9.25,"Pessimist",0.13424,0.0726388,0.195841
9.5,"Pessimist",0.126716,0.0653036,0.188128
9.75,"Pessimist",0.119555,0.0584665,0.180644
10,"Pessimist",0.112747,0.0521127,0.173382
0,"Mixed/Realist",0.248093,0.148901,0.347285
0.25,"Mixed/Realist",0.25687,0.161339,0.3524
0.5,"Mixed/Realist",0.265564,0.173908,0.357221
0.75,"Mixed/Realist",0.274138,0.186517,0.361758
1,"Mixed/Realist",0.282548,0.199067,0.36603
1.25,"Mixed/Realist",0.290754,0.211449,0.370058
1.5,"Mixed/Realist",0.298711,0.22355,0.373873
1.75,"Mixed/Realist",0.306377,0.235249,0.377506
2,"Mixed/Realist",0.313708,0.246423,0.380993
2.25,"Mixed/Realist",0.320662,0.256953,0.38437
2.5,"Mixed/Realist",0.327195,0.266724,0.387666
2.75,"Mixed/Realist",0.333269,0.275635,0.390902
3,"Mixed/Realist",0.338844,0.283605,0.394082
3.25,"Mixed/Realist",0.343884,0.290579,0.397188
3.5,"Mixed/Realist",0.348356,0.296533,0.400179
3.75,"Mixed/Realist",0.35223,0.301472,0.402988
4,"Mixed/Realist",0.35548,0.305429,0.405531
4.25,"Mixed/Realist",0.358084,0.308456,0.407712
4.5,"Mixed/Realist",0.360022,0.310611,0.409433
4.75,"Mixed/Realist",0.361282,0.311957,0.410607
5,"Mixed/Realist",0.361855,0.312548,0.411163
5.25,"Mixed/Realist",0.361737,0.312424,0.411051
5.5,"Mixed/Realist",0.360928,0.311611,0.410245
5.75,"Mixed/Realist",0.359435,0.310121,0.408749
6,"Mixed/Realist",0.357267,0.307946,0.406589
6.25,"Mixed/Realist",0.354441,0.305065,0.403817
6.5,"Mixed/Realist",0.350974,0.301445,0.400503
6.75,"Mixed/Realist",0.346892,0.29705,0.396735
7,"Mixed/Realist",0.342222,0.291841,0.392604
7.25,"Mixed/Realist",0.336995,0.285787,0.388204
7.5,"Mixed/Realist",0.331246,0.278873,0.383619
7.75,"Mixed/Realist",0.325011,0.271106,0.378915
8,"Mixed/Realist",0.318329,0.262516,0.374142
8.25,"Mixed/Realist",0.311242,0.253159,0.369324
8.5,"Mixed/Realist",0.303791,0.243113,0.36447
8.75,"Mixed/Realist",0.296021,0.232471,0.359571
9,"Mixed/Realist",0.287973,0.221338,0.354609
9.25,"Mixed/Realist",0.279693,0.209826,0.34956
9.5,"Mixed/Realist",0.271222,0.198044,0.3444
9.75,"Mixed/Realist",0.262603,0.1861,0.339105
10,"Mixed/Realist",0.253875,0.174098,0.333653
0,"Optimist",0.108454,0.0356303,0.181278
0.25,"Optimist",0.115036,0.0411534,0.188919
0.5,"Optimist",0.121964,0.0471594,0.196768
0.75,"Optimist",0.129247,0.0536721,0.204823
1,"Optimist",0.136898,0.0607144,0.213082
1.25,"Optimist",0.144926,0.0683073,0.221546
1.5,"Optimist",0.153342,0.0764699,0.230214
1.75,"Optimist",0.162153,0.0852183,0.239088
2,"Optimist",0.171369,0.0945651,0.248172
2.25,"Optimist",0.180994,0.104518,0.25747
2.5,"Optimist",0.191036,0.115081,0.266992
2.75,"Optimist",0.201498,0.12625,0.276747
3,"Optimist",0.212383,0.138012,0.286753
3.25,"Optimist",0.22369,0.150349,0.297032
3.5,"Optimist",0.23542,0.163229,0.307611
3.75,"Optimist",0.247569,0.176611,0.318527
4,"Optimist",0.260131,0.190439,0.329824
4.25,"Optimist",0.2731,0.204644,0.341556
4.5,"Optimist",0.286465,0.219144,0.353785
4.75,"Optimist",0.300213,0.233844,0.366582
5,"Optimist",0.314331,0.248639,0.380023
5.25,"Optimist",0.328801,0.263418,0.394183
5.5,"Optimist",0.343603,0.278074,0.409131
5.75,"Optimist",0.358715,0.292512,0.424918
6,"Optimist",0.374113,0.306652,0.441573
6.25,"Optimist",0.38977,0.320444,0.459097
6.5,"Optimist",0.405658,0.333862,0.477455
6.75,"Optimist",0.421746,0.346908,0.496584
7,"Optimist",0.438002,0.359605,0.516398
7.25,"Optimist",0.454392,0.371993,0.53679
7.5,"Optimist",0.470881,0.384118,0.557644
7.75,"Optimist",0.487434,0.396032,0.578836
8,"Optimist",0.504015,0.407786,0.600244
8.25,"Optimist",0.520587,0.419426,0.621748
8.5,"Optimist",0.537114,0.430996,0.643231
8.75,"Optimist",0.553559,0.442534,0.664584
9,"Optimist",0.569889,0.454072,0.685705
9.25,"Optimist",0.586067,0.465636,0.706499
9.5,"Optimist",0.602062,0.477246,0.726878
9.75,"Optimist",0.617842,0.488918,0.746766
10,"Optimist",0.633377,0.500661,0.766093
